"filename", "language", "Python", "Markdown", "Log", "HTML", "Properties", "toml", "JSON", "PostCSS", "comment", "blank", "total"
"d:\项目\计算机网络课设\.cunzhi-memory\context.md", "Markdown", 0, 1, 0, 0, 0, 0, 0, 0, 0, 2, 3
"d:\项目\计算机网络课设\.cunzhi-memory\metadata.json", "JSON", 0, 0, 0, 0, 0, 0, 6, 0, 0, 0, 6
"d:\项目\计算机网络课设\.cunzhi-memory\patterns.md", "Markdown", 0, 1, 0, 0, 0, 0, 0, 0, 0, 2, 3
"d:\项目\计算机网络课设\.cunzhi-memory\preferences.md", "Markdown", 0, 1, 0, 0, 0, 0, 0, 0, 0, 2, 3
"d:\项目\计算机网络课设\.cunzhi-memory\rules.md", "Markdown", 0, 1, 0, 0, 0, 0, 0, 0, 0, 2, 3
"d:\项目\计算机网络课设\.env", "Properties", 0, 0, 0, 0, 38, 0, 0, 0, 11, 10, 59
"d:\项目\计算机网络课设\LightweightPacketAnalyzer\README.md", "Markdown", 0, 118, 0, 0, 0, 0, 0, 0, 0, 34, 152
"d:\项目\计算机网络课设\LightweightPacketAnalyzer\add_raw_data.py", "Python", 77, 0, 0, 0, 0, 0, 0, 0, 17, 22, 116
"d:\项目\计算机网络课设\LightweightPacketAnalyzer\check_all_packets.py", "Python", 63, 0, 0, 0, 0, 0, 0, 0, 9, 15, 87
"d:\项目\计算机网络课设\LightweightPacketAnalyzer\check_db.py", "Python", 23, 0, 0, 0, 0, 0, 0, 0, 8, 10, 41
"d:\项目\计算机网络课设\LightweightPacketAnalyzer\check_db_structure.py", "Python", 36, 0, 0, 0, 0, 0, 0, 0, 9, 14, 59
"d:\项目\计算机网络课设\LightweightPacketAnalyzer\check_latest_packets.py", "Python", 72, 0, 0, 0, 0, 0, 0, 0, 7, 17, 96
"d:\项目\计算机网络课设\LightweightPacketAnalyzer\check_session55.py", "Python", 37, 0, 0, 0, 0, 0, 0, 0, 4, 8, 49
"d:\项目\计算机网络课设\LightweightPacketAnalyzer\check_session_79_packets.py", "Python", 44, 0, 0, 0, 0, 0, 0, 0, 10, 16, 70
"d:\项目\计算机网络课设\LightweightPacketAnalyzer\check_sessions.py", "Python", 21, 0, 0, 0, 0, 0, 0, 0, 3, 6, 30
"d:\项目\计算机网络课设\LightweightPacketAnalyzer\clean_duplicate_packets.py", "Python", 104, 0, 0, 0, 0, 0, 0, 0, 18, 35, 157
"d:\项目\计算机网络课设\LightweightPacketAnalyzer\debug_database.py", "Python", 84, 0, 0, 0, 0, 0, 0, 0, 11, 16, 111
"d:\项目\计算机网络课设\LightweightPacketAnalyzer\debug_duplicate_gui.py", "Python", 101, 0, 0, 0, 0, 0, 0, 0, 19, 31, 151
"d:\项目\计算机网络课设\LightweightPacketAnalyzer\debug_duplicate_packets.py", "Python", 85, 0, 0, 0, 0, 0, 0, 0, 13, 22, 120
"d:\项目\计算机网络课设\LightweightPacketAnalyzer\debug_gui_startup.py", "Python", 175, 0, 0, 0, 0, 0, 0, 0, 27, 47, 249
"d:\项目\计算机网络课设\LightweightPacketAnalyzer\debug_packets.py", "Python", 47, 0, 0, 0, 0, 0, 0, 0, 8, 13, 68
"d:\项目\计算机网络课设\LightweightPacketAnalyzer\debug_session.py", "Python", 27, 0, 0, 0, 0, 0, 0, 0, 3, 7, 37
"d:\项目\计算机网络课设\LightweightPacketAnalyzer\debug_session_79.py", "Python", 71, 0, 0, 0, 0, 0, 0, 0, 11, 18, 100
"d:\项目\计算机网络课设\LightweightPacketAnalyzer\debug_session_issue.py", "Python", 108, 0, 0, 0, 0, 0, 0, 0, 13, 28, 149
"d:\项目\计算机网络课设\LightweightPacketAnalyzer\debug_session_packets.py", "Python", 66, 0, 0, 0, 0, 0, 0, 0, 11, 14, 91
"d:\项目\计算机网络课设\LightweightPacketAnalyzer\debug_test.py", "Python", 43, 0, 0, 0, 0, 0, 0, 0, 12, 15, 70
"d:\项目\计算机网络课设\LightweightPacketAnalyzer\docs\T1.1新建会话\ACCEPTANCE_T1.1新建会话.md", "Markdown", 0, 431, 0, 0, 0, 0, 0, 0, 0, 89, 520
"d:\项目\计算机网络课设\LightweightPacketAnalyzer\docs\T1.1新建会话\FINAL_T1.1新建会话.md", "Markdown", 0, 213, 0, 0, 0, 0, 0, 0, 0, 59, 272
"d:\项目\计算机网络课设\LightweightPacketAnalyzer\docs\T1.1新建会话\TODO_T1.1新建会话.md", "Markdown", 0, 223, 0, 0, 0, 0, 0, 0, 0, 53, 276
"d:\项目\计算机网络课设\LightweightPacketAnalyzer\docs\T1.2打开会话\ALIGNMENT_T1.2打开会话.md", "Markdown", 0, 124, 0, 0, 0, 0, 0, 0, 0, 29, 153
"d:\项目\计算机网络课设\LightweightPacketAnalyzer\docs\T1.2打开会话\APPROVAL_T1.2打开会话.md", "Markdown", 0, 194, 0, 0, 0, 0, 0, 0, 0, 55, 249
"d:\项目\计算机网络课设\LightweightPacketAnalyzer\docs\T1.2打开会话\DESIGN_T1.2打开会话.md", "Markdown", 0, 348, 0, 0, 0, 0, 0, 0, 0, 101, 449
"d:\项目\计算机网络课设\LightweightPacketAnalyzer\docs\T1.2打开会话\TASK_T1.2打开会话.md", "Markdown", 0, 433, 0, 0, 0, 0, 0, 0, 0, 100, 533
"d:\项目\计算机网络课设\LightweightPacketAnalyzer\docs\T1.3保存会话\ACCEPTANCE_T1.3保存会话.md", "Markdown", 0, 124, 0, 0, 0, 0, 0, 0, 0, 29, 153
"d:\项目\计算机网络课设\LightweightPacketAnalyzer\docs\T1.3保存会话\ALIGNMENT_T1.3保存会话.md", "Markdown", 0, 91, 0, 0, 0, 0, 0, 0, 0, 25, 116
"d:\项目\计算机网络课设\LightweightPacketAnalyzer\docs\T1.3保存会话\CONSENSUS_T1.3保存会话.md", "Markdown", 0, 69, 0, 0, 0, 0, 0, 0, 0, 21, 90
"d:\项目\计算机网络课设\LightweightPacketAnalyzer\docs\T1.3保存会话\DESIGN_T1.3保存会话.md", "Markdown", 0, 205, 0, 0, 0, 0, 0, 0, 0, 58, 263
"d:\项目\计算机网络课设\LightweightPacketAnalyzer\docs\T1.3保存会话\FINAL_T1.3保存会话.md", "Markdown", 0, 112, 0, 0, 0, 0, 0, 0, 0, 34, 146
"d:\项目\计算机网络课设\LightweightPacketAnalyzer\docs\T1.3保存会话\TASK_T1.3保存会话.md", "Markdown", 0, 182, 0, 0, 0, 0, 0, 0, 0, 49, 231
"d:\项目\计算机网络课设\LightweightPacketAnalyzer\docs\T1.3保存会话\TODO_T1.3保存会话.md", "Markdown", 0, 105, 0, 0, 0, 0, 0, 0, 0, 38, 143
"d:\项目\计算机网络课设\LightweightPacketAnalyzer\docs\协议统计\ACCEPTANCE_协议统计.md", "Markdown", 0, 210, 0, 0, 0, 0, 0, 0, 0, 46, 256
"d:\项目\计算机网络课设\LightweightPacketAnalyzer\docs\协议统计\FIX_REPORT_CSVExport.md", "Markdown", 0, 116, 0, 0, 0, 0, 0, 0, 0, 35, 151
"d:\项目\计算机网络课设\LightweightPacketAnalyzer\docs\协议统计\FIX_REPORT_ChartDisplay.md", "Markdown", 0, 80, 0, 0, 0, 0, 0, 0, 0, 15, 95
"d:\项目\计算机网络课设\LightweightPacketAnalyzer\docs\单元测试修复\ACCEPTANCE_单元测试修复.md", "Markdown", 0, 55, 0, 0, 0, 0, 0, 0, 0, 19, 74
"d:\项目\计算机网络课设\LightweightPacketAnalyzer\docs\单元测试修复\FINAL_单元测试修复.md", "Markdown", 0, 83, 0, 0, 0, 0, 0, 0, 0, 26, 109
"d:\项目\计算机网络课设\LightweightPacketAnalyzer\docs\导出数据统计指标修复\FINAL_导出数据统计指标修复.md", "Markdown", 0, 121, 0, 0, 0, 0, 0, 0, 0, 37, 158
"d:\项目\计算机网络课设\LightweightPacketAnalyzer\docs\导出数据统计指标修复\TODO_导出数据统计指标修复.md", "Markdown", 0, 109, 0, 0, 0, 0, 0, 0, 0, 34, 143
"d:\项目\计算机网络课设\LightweightPacketAnalyzer\docs\打开会话功能\ACCEPTANCE_打开会话功能.md", "Markdown", 0, 117, 0, 0, 0, 0, 0, 0, 0, 32, 149
"d:\项目\计算机网络课设\LightweightPacketAnalyzer\docs\打开会话功能\FINAL_打开会话功能.md", "Markdown", 0, 109, 0, 0, 0, 0, 0, 0, 0, 33, 142
"d:\项目\计算机网络课设\LightweightPacketAnalyzer\docs\打开会话功能\TODO_打开会话功能.md", "Markdown", 0, 109, 0, 0, 0, 0, 0, 0, 0, 29, 138
"d:\项目\计算机网络课设\LightweightPacketAnalyzer\docs\报告生成Bug修复\FINAL_报告生成Bug修复.md", "Markdown", 0, 131, 0, 0, 0, 0, 0, 0, 0, 40, 171
"d:\项目\计算机网络课设\LightweightPacketAnalyzer\docs\捕获选项功能\ACCEPTANCE_捕获选项功能.md", "Markdown", 0, 99, 0, 0, 0, 0, 0, 0, 0, 21, 120
"d:\项目\计算机网络课设\LightweightPacketAnalyzer\docs\捕获选项功能\ALIGNMENT_捕获选项功能.md", "Markdown", 0, 148, 0, 0, 0, 0, 0, 0, 0, 34, 182
"d:\项目\计算机网络课设\LightweightPacketAnalyzer\docs\捕获选项功能\CONSENSUS_捕获选项功能.md", "Markdown", 0, 113, 0, 0, 0, 0, 0, 0, 0, 28, 141
"d:\项目\计算机网络课设\LightweightPacketAnalyzer\docs\捕获选项功能\DESIGN_捕获选项功能.md", "Markdown", 0, 325, 0, 0, 0, 0, 0, 0, 0, 77, 402
"d:\项目\计算机网络课设\LightweightPacketAnalyzer\docs\捕获选项功能\FINAL_捕获选项功能.md", "Markdown", 0, 144, 0, 0, 0, 0, 0, 0, 0, 38, 182
"d:\项目\计算机网络课设\LightweightPacketAnalyzer\docs\捕获选项功能\TASK_捕获选项功能.md", "Markdown", 0, 360, 0, 0, 0, 0, 0, 0, 0, 90, 450
"d:\项目\计算机网络课设\LightweightPacketAnalyzer\docs\捕获选项功能\TODO_捕获选项功能.md", "Markdown", 0, 145, 0, 0, 0, 0, 0, 0, 0, 44, 189
"d:\项目\计算机网络课设\LightweightPacketAnalyzer\docs\数据包详情显示\ACCEPTANCE_数据包详情显示.md", "Markdown", 0, 118, 0, 0, 0, 0, 0, 0, 0, 32, 150
"d:\项目\计算机网络课设\LightweightPacketAnalyzer\docs\数据包详情显示\ALIGNMENT_数据包详情显示.md", "Markdown", 0, 115, 0, 0, 0, 0, 0, 0, 0, 28, 143
"d:\项目\计算机网络课设\LightweightPacketAnalyzer\docs\数据包详情显示\APPROVAL_数据包详情显示.md", "Markdown", 0, 227, 0, 0, 0, 0, 0, 0, 0, 84, 311
"d:\项目\计算机网络课设\LightweightPacketAnalyzer\docs\数据包详情显示\CONSENSUS_数据包详情显示.md", "Markdown", 0, 118, 0, 0, 0, 0, 0, 0, 0, 31, 149
"d:\项目\计算机网络课设\LightweightPacketAnalyzer\docs\数据包详情显示\DEBUG_数据包详情显示.md", "Markdown", 0, 141, 0, 0, 0, 0, 0, 0, 0, 40, 181
"d:\项目\计算机网络课设\LightweightPacketAnalyzer\docs\数据包详情显示\DESIGN_数据包详情显示.md", "Markdown", 0, 429, 0, 0, 0, 0, 0, 0, 0, 91, 520
"d:\项目\计算机网络课设\LightweightPacketAnalyzer\docs\数据包详情显示\FINAL_数据包详情显示.md", "Markdown", 0, 179, 0, 0, 0, 0, 0, 0, 0, 43, 222
"d:\项目\计算机网络课设\LightweightPacketAnalyzer\docs\数据包详情显示\TASK_数据包详情显示.md", "Markdown", 0, 378, 0, 0, 0, 0, 0, 0, 0, 97, 475
"d:\项目\计算机网络课设\LightweightPacketAnalyzer\docs\数据包详情显示\TODO_数据包详情显示.md", "Markdown", 0, 67, 0, 0, 0, 0, 0, 0, 0, 22, 89
"d:\项目\计算机网络课设\LightweightPacketAnalyzer\docs\生成报告\ACCEPTANCE_生成报告.md", "Markdown", 0, 153, 0, 0, 0, 0, 0, 0, 0, 62, 215
"d:\项目\计算机网络课设\LightweightPacketAnalyzer\docs\生成报告\APPROVAL_生成报告.md", "Markdown", 0, 153, 0, 0, 0, 0, 0, 0, 0, 60, 213
"d:\项目\计算机网络课设\LightweightPacketAnalyzer\docs\生成报告\DESIGN_生成报告.md", "Markdown", 0, 287, 0, 0, 0, 0, 0, 0, 0, 72, 359
"d:\项目\计算机网络课设\LightweightPacketAnalyzer\docs\生成报告\FINAL_生成报告.md", "Markdown", 0, 156, 0, 0, 0, 0, 0, 0, 0, 57, 213
"d:\项目\计算机网络课设\LightweightPacketAnalyzer\docs\生成报告\TASK_生成报告.md", "Markdown", 0, 382, 0, 0, 0, 0, 0, 0, 0, 85, 467
"d:\项目\计算机网络课设\LightweightPacketAnalyzer\docs\生成报告\TODO_生成报告.md", "Markdown", 0, 165, 0, 0, 0, 0, 0, 0, 0, 54, 219
"d:\项目\计算机网络课设\LightweightPacketAnalyzer\docs\生成报告\UI_IMPROVEMENT_报告对话框.md", "Markdown", 0, 91, 0, 0, 0, 0, 0, 0, 0, 29, 120
"d:\项目\计算机网络课设\LightweightPacketAnalyzer\pyproject.toml", "toml", 0, 0, 0, 0, 0, 82, 0, 0, 0, 10, 92
"d:\项目\计算机网络课设\LightweightPacketAnalyzer\reports\network_analysis_report_20250926_215350.html", "HTML", 0, 0, 0, 238, 0, 0, 0, 0, 4, 21, 263
"d:\项目\计算机网络课设\LightweightPacketAnalyzer\reports\network_analysis_report_20250926_220820.html", "HTML", 0, 0, 0, 232, 0, 0, 0, 0, 4, 20, 256
"d:\项目\计算机网络课设\LightweightPacketAnalyzer\reports\network_analysis_report_20250926_220904.html", "HTML", 0, 0, 0, 220, 0, 0, 0, 0, 4, 18, 242
"d:\项目\计算机网络课设\LightweightPacketAnalyzer\reports\network_analysis_report_20250926_234413.html", "HTML", 0, 0, 0, 226, 0, 0, 0, 0, 4, 19, 249
"d:\项目\计算机网络课设\LightweightPacketAnalyzer\reports\network_analysis_report_20250926_235953.html", "HTML", 0, 0, 0, 365, 0, 0, 0, 0, 13, 27, 405
"d:\项目\计算机网络课设\LightweightPacketAnalyzer\src\network_analyzer\__init__.py", "Python", 12, 0, 0, 0, 0, 0, 0, 0, 7, 3, 22
"d:\项目\计算机网络课设\LightweightPacketAnalyzer\src\network_analyzer\analysis\__init__.py", "Python", 8, 0, 0, 0, 0, 0, 0, 0, 5, 2, 15
"d:\项目\计算机网络课设\LightweightPacketAnalyzer\src\network_analyzer\analysis\arp_parser.py", "Python", 103, 0, 0, 0, 0, 0, 0, 0, 85, 30, 218
"d:\项目\计算机网络课设\LightweightPacketAnalyzer\src\network_analyzer\analysis\base_parser.py", "Python", 66, 0, 0, 0, 0, 0, 0, 0, 62, 27, 155
"d:\项目\计算机网络课设\LightweightPacketAnalyzer\src\network_analyzer\analysis\ethernet_parser.py", "Python", 56, 0, 0, 0, 0, 0, 0, 0, 63, 24, 143
"d:\项目\计算机网络课设\LightweightPacketAnalyzer\src\network_analyzer\analysis\ip_parser.py", "Python", 139, 0, 0, 0, 0, 0, 0, 0, 103, 48, 290
"d:\项目\计算机网络课设\LightweightPacketAnalyzer\src\network_analyzer\analysis\packet_cache.py", "Python", 124, 0, 0, 0, 0, 0, 0, 0, 97, 37, 258
"d:\项目\计算机网络课设\LightweightPacketAnalyzer\src\network_analyzer\analysis\packet_formatter.py", "Python", 188, 0, 0, 0, 0, 0, 0, 0, 118, 62, 368
"d:\项目\计算机网络课设\LightweightPacketAnalyzer\src\network_analyzer\analysis\protocol_parser.py", "Python", 157, 0, 0, 0, 0, 0, 0, 0, 96, 49, 302
"d:\项目\计算机网络课设\LightweightPacketAnalyzer\src\network_analyzer\analysis\transport_parser.py", "Python", 149, 0, 0, 0, 0, 0, 0, 0, 115, 50, 314
"d:\项目\计算机网络课设\LightweightPacketAnalyzer\src\network_analyzer\capture\__init__.py", "Python", 2, 0, 0, 0, 0, 0, 0, 0, 5, 2, 9
"d:\项目\计算机网络课设\LightweightPacketAnalyzer\src\network_analyzer\capture\packet_capture.py", "Python", 163, 0, 0, 0, 0, 0, 0, 0, 86, 46, 295
"d:\项目\计算机网络课设\LightweightPacketAnalyzer\src\network_analyzer\config\__init__.py", "Python", 2, 0, 0, 0, 0, 0, 0, 0, 5, 2, 9
"d:\项目\计算机网络课设\LightweightPacketAnalyzer\src\network_analyzer\config\settings.py", "Python", 400, 0, 0, 0, 0, 0, 0, 0, 214, 82, 696
"d:\项目\计算机网络课设\LightweightPacketAnalyzer\src\network_analyzer\gui\__init__.py", "Python", 2, 0, 0, 0, 0, 0, 0, 0, 5, 2, 9
"d:\项目\计算机网络课设\LightweightPacketAnalyzer\src\network_analyzer\gui\chart_manager.py", "Python", 268, 0, 0, 0, 0, 0, 0, 0, 119, 75, 462
"d:\项目\计算机网络课设\LightweightPacketAnalyzer\src\network_analyzer\gui\components\__init__.py", "Python", 8, 0, 0, 0, 0, 0, 0, 0, 5, 2, 15
"d:\项目\计算机网络课设\LightweightPacketAnalyzer\src\network_analyzer\gui\components\bpf_validator.py", "Python", 211, 0, 0, 0, 0, 0, 0, 0, 59, 57, 327
"d:\项目\计算机网络课设\LightweightPacketAnalyzer\src\network_analyzer\gui\components\capture_options_dialog.py", "Python", 438, 0, 0, 0, 0, 0, 0, 0, 121, 148, 707
"d:\项目\计算机网络课设\LightweightPacketAnalyzer\src\network_analyzer\gui\components\filter_template_manager.py", "Python", 304, 0, 0, 0, 0, 0, 0, 0, 90, 63, 457
"d:\项目\计算机网络课设\LightweightPacketAnalyzer\src\network_analyzer\gui\components\interface_info_provider.py", "Python", 238, 0, 0, 0, 0, 0, 0, 0, 103, 59, 400
"d:\项目\计算机网络课设\LightweightPacketAnalyzer\src\network_analyzer\gui\dialogs\__init__.py", "Python", 2, 0, 0, 0, 0, 0, 0, 0, 6, 2, 10
"d:\项目\计算机网络课设\LightweightPacketAnalyzer\src\network_analyzer\gui\dialogs\advanced_settings_tab.py", "Python", 201, 0, 0, 0, 0, 0, 0, 0, 46, 51, 298
"d:\项目\计算机网络课设\LightweightPacketAnalyzer\src\network_analyzer\gui\dialogs\basic_settings_tab.py", "Python", 217, 0, 0, 0, 0, 0, 0, 0, 39, 62, 318
"d:\项目\计算机网络课设\LightweightPacketAnalyzer\src\network_analyzer\gui\dialogs\protocol_stats_dialog.py", "Python", 347, 0, 0, 0, 0, 0, 0, 0, 100, 101, 548
"d:\项目\计算机网络课设\LightweightPacketAnalyzer\src\network_analyzer\gui\dialogs\report_generation_dialog.py", "Python", 319, 0, 0, 0, 0, 0, 0, 0, 92, 109, 520
"d:\项目\计算机网络课设\LightweightPacketAnalyzer\src\network_analyzer\gui\dialogs\settings_dialog.py", "Python", 267, 0, 0, 0, 0, 0, 0, 0, 109, 83, 459
"d:\项目\计算机网络课设\LightweightPacketAnalyzer\src\network_analyzer\gui\dialogs\theme_settings_tab.py", "Python", 341, 0, 0, 0, 0, 0, 0, 0, 117, 99, 557
"d:\项目\计算机网络课设\LightweightPacketAnalyzer\src\network_analyzer\gui\main_window.py", "Python", 1296, 0, 0, 0, 0, 0, 0, 0, 488, 209, 1993
"d:\项目\计算机网络课设\LightweightPacketAnalyzer\src\network_analyzer\gui\theme_manager.py", "Python", 184, 0, 0, 0, 0, 0, 0, 0, 109, 50, 343
"d:\项目\计算机网络课设\LightweightPacketAnalyzer\src\network_analyzer\gui\traffic_trends_dialog.py", "Python", 271, 0, 0, 0, 0, 0, 0, 0, 77, 83, 431
"d:\项目\计算机网络课设\LightweightPacketAnalyzer\src\network_analyzer\main.py", "Python", 72, 0, 0, 0, 0, 0, 0, 0, 26, 21, 119
"d:\项目\计算机网络课设\LightweightPacketAnalyzer\src\network_analyzer\processing\__init__.py", "Python", 2, 0, 0, 0, 0, 0, 0, 0, 5, 2, 9
"d:\项目\计算机网络课设\LightweightPacketAnalyzer\src\network_analyzer\processing\data_processor.py", "Python", 403, 0, 0, 0, 0, 0, 0, 0, 165, 101, 669
"d:\项目\计算机网络课设\LightweightPacketAnalyzer\src\network_analyzer\processing\traffic_data_processor.py", "Python", 142, 0, 0, 0, 0, 0, 0, 0, 117, 49, 308
"d:\项目\计算机网络课设\LightweightPacketAnalyzer\src\network_analyzer\reports\__init__.py", "Python", 8, 0, 0, 0, 0, 0, 0, 0, 14, 3, 25
"d:\项目\计算机网络课设\LightweightPacketAnalyzer\src\network_analyzer\reports\charts\__init__.py", "Python", 6, 0, 0, 0, 0, 0, 0, 0, 7, 2, 15
"d:\项目\计算机网络课设\LightweightPacketAnalyzer\src\network_analyzer\reports\charts\chart_generator.py", "Python", 334, 0, 0, 0, 0, 0, 0, 0, 144, 102, 580
"d:\项目\计算机网络课设\LightweightPacketAnalyzer\src\network_analyzer\reports\charts\matplotlib_renderer.py", "Python", 105, 0, 0, 0, 0, 0, 0, 0, 79, 27, 211
"d:\项目\计算机网络课设\LightweightPacketAnalyzer\src\network_analyzer\reports\data_collector.py", "Python", 207, 0, 0, 0, 0, 0, 0, 0, 82, 66, 355
"d:\项目\计算机网络课设\LightweightPacketAnalyzer\src\network_analyzer\reports\generators\__init__.py", "Python", 8, 0, 0, 0, 0, 0, 0, 0, 8, 2, 18
"d:\项目\计算机网络课设\LightweightPacketAnalyzer\src\network_analyzer\reports\generators\csv_generator.py", "Python", 291, 0, 0, 0, 0, 0, 0, 0, 142, 86, 519
"d:\项目\计算机网络课设\LightweightPacketAnalyzer\src\network_analyzer\reports\generators\html_generator.py", "Python", 425, 0, 0, 0, 0, 0, 0, 0, 134, 60, 619
"d:\项目\计算机网络课设\LightweightPacketAnalyzer\src\network_analyzer\reports\generators\pdf_generator.py", "Python", 298, 0, 0, 0, 0, 0, 0, 0, 167, 47, 512
"d:\项目\计算机网络课设\LightweightPacketAnalyzer\src\network_analyzer\reports\report_generator.py", "Python", 344, 0, 0, 0, 0, 0, 0, 0, 118, 86, 548
"d:\项目\计算机网络课设\LightweightPacketAnalyzer\src\network_analyzer\reports\templates\__init__.py", "Python", 6, 0, 0, 0, 0, 0, 0, 0, 7, 2, 15
"d:\项目\计算机网络课设\LightweightPacketAnalyzer\src\network_analyzer\reports\templates\css\report.css", "PostCSS", 0, 0, 0, 0, 0, 0, 0, 94, 2, 19, 115
"d:\项目\计算机网络课设\LightweightPacketAnalyzer\src\network_analyzer\reports\templates\html\base.html", "HTML", 0, 0, 0, 28, 0, 0, 0, 0, 0, 3, 31
"d:\项目\计算机网络课设\LightweightPacketAnalyzer\src\network_analyzer\reports\templates\html\report.html", "HTML", 0, 0, 0, 254, 0, 0, 0, 0, 13, 27, 294
"d:\项目\计算机网络课设\LightweightPacketAnalyzer\src\network_analyzer\reports\templates\jinja2_renderer.py", "Python", 171, 0, 0, 0, 0, 0, 0, 0, 99, 42, 312
"d:\项目\计算机网络课设\LightweightPacketAnalyzer\src\network_analyzer\reports\templates\template_manager.py", "Python", 133, 0, 0, 0, 0, 0, 0, 0, 72, 38, 243
"d:\项目\计算机网络课设\LightweightPacketAnalyzer\src\network_analyzer\statistics\__init__.py", "Python", 3, 0, 0, 0, 0, 0, 0, 0, 5, 2, 10
"d:\项目\计算机网络课设\LightweightPacketAnalyzer\src\network_analyzer\statistics\protocol_statistics.py", "Python", 259, 0, 0, 0, 0, 0, 0, 0, 91, 53, 403
"d:\项目\计算机网络课设\LightweightPacketAnalyzer\src\network_analyzer\statistics\statistics_visualizer.py", "Python", 333, 0, 0, 0, 0, 0, 0, 0, 144, 86, 563
"d:\项目\计算机网络课设\LightweightPacketAnalyzer\src\network_analyzer\storage\__init__.py", "Python", 2, 0, 0, 0, 0, 0, 0, 0, 5, 2, 9
"d:\项目\计算机网络课设\LightweightPacketAnalyzer\src\network_analyzer\storage\data_manager.py", "Python", 399, 0, 0, 0, 0, 0, 0, 0, 407, 86, 892
"d:\项目\计算机网络课设\LightweightPacketAnalyzer\src\test_insert_packets.py", "Python", 131, 0, 0, 0, 0, 0, 0, 0, 20, 26, 177
"d:\项目\计算机网络课设\LightweightPacketAnalyzer\test_all_packets.py", "Python", 40, 0, 0, 0, 0, 0, 0, 0, 5, 12, 57
"d:\项目\计算机网络课设\LightweightPacketAnalyzer\test_chart_fix.py", "Python", 47, 0, 0, 0, 0, 0, 0, 0, 10, 14, 71
"d:\项目\计算机网络课设\LightweightPacketAnalyzer\test_complete_settings.py", "Python", 178, 0, 0, 0, 0, 0, 0, 0, 27, 53, 258
"d:\项目\计算机网络课设\LightweightPacketAnalyzer\test_complete_theme_system.py", "Python", 299, 0, 0, 0, 0, 0, 0, 0, 49, 82, 430
"d:\项目\计算机网络课设\LightweightPacketAnalyzer\test_csv_export_fix.py", "Python", 118, 0, 0, 0, 0, 0, 0, 0, 20, 27, 165
"d:\项目\计算机网络课设\LightweightPacketAnalyzer\test_duplicate_fix.py", "Python", 106, 0, 0, 0, 0, 0, 0, 0, 19, 24, 149
"d:\项目\计算机网络课设\LightweightPacketAnalyzer\test_font_fix.py", "Python", 129, 0, 0, 0, 0, 0, 0, 0, 26, 38, 193
"d:\项目\计算机网络课设\LightweightPacketAnalyzer\test_gui_integration.py", "Python", 87, 0, 0, 0, 0, 0, 0, 0, 12, 27, 126
"d:\项目\计算机网络课设\LightweightPacketAnalyzer\test_gui_packet_details.py", "Python", 50, 0, 0, 0, 0, 0, 0, 0, 10, 16, 76
"d:\项目\计算机网络课设\LightweightPacketAnalyzer\test_main_window_theme.py", "Python", 151, 0, 0, 0, 0, 0, 0, 0, 36, 50, 237
"d:\项目\计算机网络课设\LightweightPacketAnalyzer\test_main_window_theme_simple.py", "Python", 166, 0, 0, 0, 0, 0, 0, 0, 32, 51, 249
"d:\项目\计算机网络课设\LightweightPacketAnalyzer\test_mainwindow_simple.py", "Python", 27, 0, 0, 0, 0, 0, 0, 0, 12, 12, 51
"d:\项目\计算机网络课设\LightweightPacketAnalyzer\test_new_session.py", "Python", 170, 0, 0, 0, 0, 0, 0, 0, 20, 39, 229
"d:\项目\计算机网络课设\LightweightPacketAnalyzer\test_open_session.py", "Python", 28, 0, 0, 0, 0, 0, 0, 0, 11, 14, 53
"d:\项目\计算机网络课设\LightweightPacketAnalyzer\test_protocol_statistics.py", "Python", 143, 0, 0, 0, 0, 0, 0, 0, 22, 34, 199
"d:\项目\计算机网络课设\LightweightPacketAnalyzer\test_protocol_statistics_core.py", "Python", 229, 0, 0, 0, 0, 0, 0, 0, 36, 61, 326
"d:\项目\计算机网络课设\LightweightPacketAnalyzer\test_protocol_stats_comprehensive.py", "Python", 324, 0, 0, 0, 0, 0, 0, 0, 49, 91, 464
"d:\项目\计算机网络课设\LightweightPacketAnalyzer\test_protocol_stats_dialog.py", "Python", 86, 0, 0, 0, 0, 0, 0, 0, 22, 35, 143
"d:\项目\计算机网络课设\LightweightPacketAnalyzer\test_protocol_stats_fix.py", "Python", 72, 0, 0, 0, 0, 0, 0, 0, 16, 23, 111
"d:\项目\计算机网络课设\LightweightPacketAnalyzer\test_protocol_stats_simple.py", "Python", 171, 0, 0, 0, 0, 0, 0, 0, 32, 52, 255
"d:\项目\计算机网络课设\LightweightPacketAnalyzer\test_report_dialog_ui.py", "Python", 43, 0, 0, 0, 0, 0, 0, 0, 14, 17, 74
"d:\项目\计算机网络课设\LightweightPacketAnalyzer\test_report_fix.py", "Python", 59, 0, 0, 0, 0, 0, 0, 0, 15, 21, 95
"d:\项目\计算机网络课设\LightweightPacketAnalyzer\test_report_generation.py", "Python", 82, 0, 0, 0, 0, 0, 0, 0, 18, 32, 132
"d:\项目\计算机网络课设\LightweightPacketAnalyzer\test_save_session.py", "Python", 118, 0, 0, 0, 0, 0, 0, 0, 47, 46, 211
"d:\项目\计算机网络课设\LightweightPacketAnalyzer\test_session_functionality.py", "Python", 102, 0, 0, 0, 0, 0, 0, 0, 19, 19, 140
"d:\项目\计算机网络课设\LightweightPacketAnalyzer\test_session_id_fix.py", "Python", 160, 0, 0, 0, 0, 0, 0, 0, 21, 29, 210
"d:\项目\计算机网络课设\LightweightPacketAnalyzer\test_session_load.py", "Python", 73, 0, 0, 0, 0, 0, 0, 0, 15, 20, 108
"d:\项目\计算机网络课设\LightweightPacketAnalyzer\test_settings_dialog.py", "Python", 90, 0, 0, 0, 0, 0, 0, 0, 23, 35, 148
"d:\项目\计算机网络课设\LightweightPacketAnalyzer\test_settings_dialog_integration.py", "Python", 220, 0, 0, 0, 0, 0, 0, 0, 44, 73, 337
"d:\项目\计算机网络课设\LightweightPacketAnalyzer\test_settings_extension.py", "Python", 91, 0, 0, 0, 0, 0, 0, 0, 15, 25, 131
"d:\项目\计算机网络课设\LightweightPacketAnalyzer\test_settings_integration.py", "Python", 74, 0, 0, 0, 0, 0, 0, 0, 15, 25, 114
"d:\项目\计算机网络课设\LightweightPacketAnalyzer\test_statistics_visualizer.py", "Python", 229, 0, 0, 0, 0, 0, 0, 0, 51, 81, 361
"d:\项目\计算机网络课设\LightweightPacketAnalyzer\test_t6_verification.py", "Python", 175, 0, 0, 0, 0, 0, 0, 0, 30, 53, 258
"d:\项目\计算机网络课设\LightweightPacketAnalyzer\test_theme_settings_simple.py", "Python", 195, 0, 0, 0, 0, 0, 0, 0, 34, 51, 280
"d:\项目\计算机网络课设\LightweightPacketAnalyzer\test_theme_settings_tab.py", "Python", 202, 0, 0, 0, 0, 0, 0, 0, 42, 63, 307
"d:\项目\计算机网络课设\LightweightPacketAnalyzer\test_theme_system.py", "Python", 141, 0, 0, 0, 0, 0, 0, 0, 35, 49, 225
"d:\项目\计算机网络课设\LightweightPacketAnalyzer\test_traffic_trends.py", "Python", 26, 0, 0, 0, 0, 0, 0, 0, 10, 11, 47
"d:\项目\计算机网络课设\LightweightPacketAnalyzer\test_traffic_trends_with_data.py", "Python", 63, 0, 0, 0, 0, 0, 0, 0, 18, 21, 102
"d:\项目\计算机网络课设\LightweightPacketAnalyzer\test_ttkbootstrap_install.py", "Python", 81, 0, 0, 0, 0, 0, 0, 0, 17, 21, 119
"d:\项目\计算机网络课设\LightweightPacketAnalyzer\test_ui_step_by_step.py", "Python", 88, 0, 0, 0, 0, 0, 0, 0, 20, 30, 138
"d:\项目\计算机网络课设\LightweightPacketAnalyzer\tests\__init__.py", "Python", 0, 0, 0, 0, 0, 0, 0, 0, 5, 0, 5
"d:\项目\计算机网络课设\LightweightPacketAnalyzer\tests\test_analysis.py", "Python", 420, 0, 0, 0, 0, 0, 0, 0, 114, 135, 669
"d:\项目\计算机网络课设\LightweightPacketAnalyzer\tests\test_capture.py", "Python", 247, 0, 0, 0, 0, 0, 0, 0, 81, 92, 420
"d:\项目\计算机网络课设\LightweightPacketAnalyzer\tests\test_capture_options.py", "Python", 297, 0, 0, 0, 0, 0, 0, 0, 71, 80, 448
"d:\项目\计算机网络课设\LightweightPacketAnalyzer\tests\test_config.py", "Python", 77, 0, 0, 0, 0, 0, 0, 0, 25, 28, 130
"d:\项目\计算机网络课设\LightweightPacketAnalyzer\tests\test_gui.py", "Python", 485, 0, 0, 0, 0, 0, 0, 0, 158, 164, 807
"d:\项目\计算机网络课设\LightweightPacketAnalyzer\tests\test_integration.py", "Python", 301, 0, 0, 0, 0, 0, 0, 0, 94, 87, 482
"d:\项目\计算机网络课设\LightweightPacketAnalyzer\tests\test_processing.py", "Python", 245, 0, 0, 0, 0, 0, 0, 0, 69, 83, 397
"d:\项目\计算机网络课设\LightweightPacketAnalyzer\tests\test_storage.py", "Python", 131, 0, 0, 0, 0, 0, 0, 0, 42, 38, 211
"d:\项目\计算机网络课设\docs\GUI集成\ACCEPTANCE_GUI集成.md", "Markdown", 0, 199, 0, 0, 0, 0, 0, 0, 0, 28, 227
"d:\项目\计算机网络课设\docs\GUI集成\ALIGNMENT_GUI集成.md", "Markdown", 0, 96, 0, 0, 0, 0, 0, 0, 0, 26, 122
"d:\项目\计算机网络课设\docs\GUI集成\ALIGNMENT_T1.1新建会话.md", "Markdown", 0, 97, 0, 0, 0, 0, 0, 0, 0, 31, 128
"d:\项目\计算机网络课设\docs\GUI集成\CONSENSUS_T1.1新建会话.md", "Markdown", 0, 73, 0, 0, 0, 0, 0, 0, 0, 20, 93
"d:\项目\计算机网络课设\docs\GUI集成\DEBUG_GUI集成.md", "Markdown", 0, 224, 0, 0, 0, 0, 0, 0, 0, 86, 310
"d:\项目\计算机网络课设\docs\GUI集成\DESIGN_GUI集成.md", "Markdown", 0, 286, 0, 0, 0, 0, 0, 0, 0, 71, 357
"d:\项目\计算机网络课设\docs\GUI集成\DESIGN_T1.1新建会话.md", "Markdown", 0, 288, 0, 0, 0, 0, 0, 0, 0, 83, 371
"d:\项目\计算机网络课设\docs\GUI集成\FINAL_GUI集成.md", "Markdown", 0, 188, 0, 0, 0, 0, 0, 0, 0, 50, 238
"d:\项目\计算机网络课设\docs\GUI集成\TASK_GUI集成.md", "Markdown", 0, 300, 0, 0, 0, 0, 0, 0, 0, 83, 383
"d:\项目\计算机网络课设\docs\GUI集成\TASK_T1.1新建会话.md", "Markdown", 0, 288, 0, 0, 0, 0, 0, 0, 0, 69, 357
"d:\项目\计算机网络课设\docs\GUI集成\TODO_GUI集成.md", "Markdown", 0, 142, 0, 0, 0, 0, 0, 0, 0, 36, 178
"d:\项目\计算机网络课设\docs\GUI集成\功能完成任务列表.md", "Markdown", 0, 211, 0, 0, 0, 0, 0, 0, 0, 57, 268
"d:\项目\计算机网络课设\docs\HANDOVER_TO_CLAUDE.md", "Markdown", 0, 73, 0, 0, 0, 0, 0, 0, 0, 31, 104
"d:\项目\计算机网络课设\docs\ttkbootstrap主题切换\ACCEPTANCE_ttkbootstrap主题切换.md", "Markdown", 0, 204, 0, 0, 0, 0, 0, 0, 0, 51, 255
"d:\项目\计算机网络课设\docs\ttkbootstrap主题切换\ALIGNMENT_ttkbootstrap主题切换.md", "Markdown", 0, 150, 0, 0, 0, 0, 0, 0, 0, 35, 185
"d:\项目\计算机网络课设\docs\ttkbootstrap主题切换\APPROVAL_ttkbootstrap主题切换.md", "Markdown", 0, 133, 0, 0, 0, 0, 0, 0, 0, 37, 170
"d:\项目\计算机网络课设\docs\ttkbootstrap主题切换\CONSENSUS_ttkbootstrap主题切换.md", "Markdown", 0, 72, 0, 0, 0, 0, 0, 0, 0, 10, 82
"d:\项目\计算机网络课设\docs\ttkbootstrap主题切换\DESIGN_ttkbootstrap主题切换.md", "Markdown", 0, 301, 0, 0, 0, 0, 0, 0, 0, 66, 367
"d:\项目\计算机网络课设\docs\ttkbootstrap主题切换\FINAL_ttkbootstrap主题切换.md", "Markdown", 0, 153, 0, 0, 0, 0, 0, 0, 0, 41, 194
"d:\项目\计算机网络课设\docs\ttkbootstrap主题切换\TASK_ttkbootstrap主题切换.md", "Markdown", 0, 292, 0, 0, 0, 0, 0, 0, 0, 73, 365
"d:\项目\计算机网络课设\docs\ttkbootstrap主题切换\TODO_ttkbootstrap主题切换.md", "Markdown", 0, 130, 0, 0, 0, 0, 0, 0, 0, 35, 165
"d:\项目\计算机网络课设\docs\剩余功能实现\ACCEPTANCE_协议统计.md", "Markdown", 0, 325, 0, 0, 0, 0, 0, 0, 0, 74, 399
"d:\项目\计算机网络课设\docs\剩余功能实现\ALIGNMENT_剩余功能实现.md", "Markdown", 0, 135, 0, 0, 0, 0, 0, 0, 0, 39, 174
"d:\项目\计算机网络课设\docs\剩余功能实现\APPROVAL_协议统计.md", "Markdown", 0, 167, 0, 0, 0, 0, 0, 0, 0, 57, 224
"d:\项目\计算机网络课设\docs\剩余功能实现\DESIGN_协议统计.md", "Markdown", 0, 320, 0, 0, 0, 0, 0, 0, 0, 88, 408
"d:\项目\计算机网络课设\docs\剩余功能实现\FINAL_协议统计.md", "Markdown", 0, 187, 0, 0, 0, 0, 0, 0, 0, 52, 239
"d:\项目\计算机网络课设\docs\剩余功能实现\FIX_REPORT_ChartConfig.md", "Markdown", 0, 124, 0, 0, 0, 0, 0, 0, 0, 31, 155
"d:\项目\计算机网络课设\docs\剩余功能实现\TASK_协议统计.md", "Markdown", 0, 247, 0, 0, 0, 0, 0, 0, 0, 65, 312
"d:\项目\计算机网络课设\docs\剩余功能实现\TODO_协议统计.md", "Markdown", 0, 169, 0, 0, 0, 0, 0, 0, 0, 40, 209
"d:\项目\计算机网络课设\docs\剩余功能实现\VERIFICATION_协议统计.md", "Markdown", 0, 168, 0, 0, 0, 0, 0, 0, 0, 49, 217
"d:\项目\计算机网络课设\docs\流量趋势\ACCEPTANCE_流量趋势.md", "Markdown", 0, 150, 0, 0, 0, 0, 0, 0, 0, 42, 192
"d:\项目\计算机网络课设\docs\流量趋势\ALIGNMENT_流量趋势.md", "Markdown", 0, 116, 0, 0, 0, 0, 0, 0, 0, 29, 145
"d:\项目\计算机网络课设\docs\流量趋势\DESIGN_流量趋势.md", "Markdown", 0, 277, 0, 0, 0, 0, 0, 0, 0, 68, 345
"d:\项目\计算机网络课设\docs\流量趋势\TASK_流量趋势.md", "Markdown", 0, 268, 0, 0, 0, 0, 0, 0, 0, 60, 328
"d:\项目\计算机网络课设\docs\生成报告\ALIGNMENT_生成报告.md", "Markdown", 0, 146, 0, 0, 0, 0, 0, 0, 0, 40, 186
"d:\项目\计算机网络课设\docs\网络流量统计\ACCEPTANCE_网络流量统计.md", "Markdown", 0, 240, 0, 0, 0, 0, 0, 0, 0, 32, 272
"d:\项目\计算机网络课设\docs\网络流量统计\ALIGNMENT_网络流量统计.md", "Markdown", 0, 114, 0, 0, 0, 0, 0, 0, 0, 30, 144
"d:\项目\计算机网络课设\docs\网络流量统计\APPROVAL_网络流量统计.md", "Markdown", 0, 144, 0, 0, 0, 0, 0, 0, 0, 53, 197
"d:\项目\计算机网络课设\docs\网络流量统计\CONSENSUS_网络流量统计.md", "Markdown", 0, 95, 0, 0, 0, 0, 0, 0, 0, 22, 117
"d:\项目\计算机网络课设\docs\网络流量统计\DESIGN_网络流量统计.md", "Markdown", 0, 376, 0, 0, 0, 0, 0, 0, 0, 85, 461
"d:\项目\计算机网络课设\docs\网络流量统计\TASK_网络流量统计.md", "Markdown", 0, 353, 0, 0, 0, 0, 0, 0, 0, 74, 427
"d:\项目\计算机网络课设\docs\设置功能\ACCEPTANCE_设置功能.md", "Markdown", 0, 213, 0, 0, 0, 0, 0, 0, 0, 66, 279
"d:\项目\计算机网络课设\docs\设置功能\ALIGNMENT_设置功能.md", "Markdown", 0, 169, 0, 0, 0, 0, 0, 0, 0, 46, 215
"d:\项目\计算机网络课设\docs\设置功能\APPROVAL_设置功能.md", "Markdown", 0, 185, 0, 0, 0, 0, 0, 0, 0, 62, 247
"d:\项目\计算机网络课设\docs\设置功能\DESIGN_设置功能.md", "Markdown", 0, 504, 0, 0, 0, 0, 0, 0, 0, 138, 642
"d:\项目\计算机网络课设\docs\设置功能\TASK_设置功能.md", "Markdown", 0, 323, 0, 0, 0, 0, 0, 0, 0, 71, 394
"d:\项目\计算机网络课设\docs\课程设计报告.md", "Markdown", 0, 65, 0, 0, 0, 0, 0, 0, 0, 33, 98
"d:\项目\计算机网络课设\logs\network_analyzer.log", "Log", 0, 0, 2537, 0, 0, 0, 0, 0, 0, 1, 2538
"d:\项目\计算机网络课设\reports\network_analysis_report_20250926_233635.html", "HTML", 0, 0, 0, 226, 0, 0, 0, 0, 4, 19, 249
"d:\项目\计算机网络课设\reports\network_analysis_report_20250926_235140.html", "HTML", 0, 0, 0, 226, 0, 0, 0, 0, 4, 19, 249
"d:\项目\计算机网络课设\reports\network_analysis_report_20250927_000223.html", "HTML", 0, 0, 0, 232, 0, 0, 0, 0, 4, 20, 256
"d:\项目\计算机网络课设\课程设计要求以及实验报告模板\网络综合实践_课程设计要求.md", "Markdown", 0, 58, 0, 0, 0, 0, 0, 0, 0, 87, 145
"Total", "-", 18985, 18247, 2537, 2247, 38, 82, 6, 94, 6712, 10380, 59328